{
    "task_id": "MbppEval/430",
    "iter_num": 8,
    "already_test_oracle_gt": {
        "t-2": 19,
        "t-0": 19.0,
        "t-3": 15.0,
        "t-4": 19.0,
        "t-5": 19.0,
        "t-6": 19.0,
        "t-7": 18.0,
        "t-8": 21.0,
        "t-9": 15.0,
        "t-10": 21.0,
        "t-11": 21.875,
        "t-12": 18.875,
        "t-13": 20.916666666666668,
        "t-14": 19.666666666666668,
        "t-15": 18.75,
        "t-16": 20.5,
        "t-17": 19.75,
        "t-18": 21.25,
        "t-20": 21.0,
        "t-21": 21.875,
        "t-22": 18.875,
        "t-23": 20.916666666666668,
        "t-24": 19.666666666666668,
        "t-25": 18.75,
        "t-26": 20.5,
        "t-27": 19.75,
        "t-28": 21.25,
        "t-30": 21.0,
        "t-31": 21.75,
        "t-32": 24.75,
        "t-33": 19.75,
        "t-34": 17.916666666666668,
        "t-35": 19.666666666666668,
        "t-36": 21.875,
        "t-37": 17.5,
        "t-38": 21.0,
        "t-39": 17.0,
        "t-40": 22.666666666666668,
        "t-41": 18.0,
        "t-42": 21.75,
        "t-44": 24.0,
        "t-45": 17.666666666666668,
        "t-47": 19.0
    },
    "pass_num_dict": {
        "s-53": [
            "t-0",
            "t-2",
            "t-3",
            "t-4",
            "t-5",
            "t-6",
            "t-7",
            "t-8",
            "t-9",
            "t-10",
            "t-11",
            "t-12",
            "t-13",
            "t-14",
            "t-15",
            "t-16",
            "t-17",
            "t-18",
            "t-20",
            "t-21",
            "t-22",
            "t-23",
            "t-24",
            "t-25",
            "t-26",
            "t-27",
            "t-28",
            "t-30",
            "t-31",
            "t-32",
            "t-33",
            "t-34",
            "t-35",
            "t-36",
            "t-37",
            "t-38",
            "t-39",
            "t-40",
            "t-41",
            "t-42",
            "t-44",
            "t-45",
            "t-47"
        ],
        "s-96": [
            "t-0",
            "t-2",
            "t-3",
            "t-4",
            "t-5",
            "t-6",
            "t-7",
            "t-8",
            "t-9",
            "t-10",
            "t-11",
            "t-12",
            "t-13",
            "t-14",
            "t-15",
            "t-16",
            "t-17",
            "t-18",
            "t-20",
            "t-21",
            "t-22",
            "t-23",
            "t-24",
            "t-25",
            "t-26",
            "t-27",
            "t-28",
            "t-30",
            "t-31",
            "t-32",
            "t-33",
            "t-34",
            "t-35",
            "t-36",
            "t-37",
            "t-38",
            "t-39",
            "t-40",
            "t-41",
            "t-42",
            "t-44",
            "t-45",
            "t-47"
        ]
    },
    "code_test_output": {
        "s-0": {
            "t-0": 0.0,
            "t-2": -0.0,
            "t-3": -4.0,
            "t-4": -0.0,
            "t-5": 0.0,
            "t-6": 0.0,
            "t-7": -1.0,
            "t-8": 2.0,
            "t-9": -4.0,
            "t-10": 2.0,
            "t-11": 2.875,
            "t-12": -0.125,
            "t-13": 1.9166666666666667,
            "t-14": 0.6666666666666666,
            "t-15": -0.25,
            "t-16": 1.5,
            "t-17": 0.75,
            "t-18": 2.25,
            "t-20": 2.0,
            "t-21": 2.875,
            "t-22": -0.125,
            "t-23": 1.9166666666666667,
            "t-24": 0.6666666666666666,
            "t-25": -0.25,
            "t-26": 1.5,
            "t-27": 0.75,
            "t-28": 2.25,
            "t-30": 2.0,
            "t-31": 2.75,
            "t-32": 5.75,
            "t-33": 0.75,
            "t-34": -1.0833333333333333,
            "t-35": 0.6666666666666666,
            "t-36": 2.875,
            "t-37": -1.5,
            "t-38": 2.0,
            "t-39": -2.0,
            "t-40": 3.6666666666666665,
            "t-41": -1.0,
            "t-42": 2.75,
            "t-44": 5.0,
            "t-45": -1.3333333333333333,
            "t-47": 0.0
        },
        "s-1": {
            "t-0": null,
            "t-2": null,
            "t-3": null,
            "t-4": null,
            "t-5": null,
            "t-6": null,
            "t-7": null,
            "t-8": null,
            "t-9": null,
            "t-10": null,
            "t-11": null,
            "t-12": null,
            "t-13": null,
            "t-14": null,
            "t-15": null,
            "t-16": null,
            "t-17": null,
            "t-18": null,
            "t-20": null,
            "t-21": null,
            "t-22": null,
            "t-23": null,
            "t-24": null,
            "t-25": null,
            "t-26": null,
            "t-27": null,
            "t-28": null,
            "t-30": null,
            "t-31": null,
            "t-32": null,
            "t-33": null,
            "t-34": null,
            "t-35": null,
            "t-36": null,
            "t-37": null,
            "t-38": null,
            "t-39": null,
            "t-40": null,
            "t-41": null,
            "t-42": null,
            "t-44": null,
            "t-45": null,
            "t-47": null
        },
        "s-2": {
            "t-0": 0.0,
            "t-2": 0.0,
            "t-3": -4.0,
            "t-4": 0.0,
            "t-5": 0.0,
            "t-6": 0.0,
            "t-7": -1.0,
            "t-8": 2.0,
            "t-9": -4.0,
            "t-10": 2.0,
            "t-11": 2.875,
            "t-12": -0.125,
            "t-13": 1.9166666666666667,
            "t-14": 0.6666666666666667,
            "t-15": -0.25,
            "t-16": 1.5,
            "t-17": 0.75,
            "t-18": 2.25,
            "t-20": 2.0,
            "t-21": 2.875,
            "t-22": -0.125,
            "t-23": 1.9166666666666667,
            "t-24": 0.6666666666666667,
            "t-25": -0.25,
            "t-26": 1.5,
            "t-27": 0.75,
            "t-28": 2.25,
            "t-30": 2.0,
            "t-31": 2.75,
            "t-32": 5.75,
            "t-33": 0.75,
            "t-34": -1.0833333333333335,
            "t-35": 0.6666666666666667,
            "t-36": 2.875,
            "t-37": -1.5,
            "t-38": 2.0,
            "t-39": -2.0,
            "t-40": 3.666666666666667,
            "t-41": -1.0,
            "t-42": 2.75,
            "t-44": 5.0,
            "t-45": -1.3333333333333333,
            "t-47": 0.0
        },
        "s-3": {
            "t-0": 0.0,
            "t-2": -0.0,
            "t-3": -4.0,
            "t-4": -0.0,
            "t-5": 0.0,
            "t-6": 0.0,
            "t-7": -1.0,
            "t-8": 2.0,
            "t-9": -4.0,
            "t-10": 2.0,
            "t-11": 2.875,
            "t-12": -0.125,
            "t-13": 1.9166666666666667,
            "t-14": 0.6666666666666666,
            "t-15": -0.25,
            "t-16": 1.5,
            "t-17": 0.75,
            "t-18": 2.25,
            "t-20": 2.0,
            "t-21": 2.875,
            "t-22": -0.125,
            "t-23": 1.9166666666666667,
            "t-24": 0.6666666666666666,
            "t-25": -0.25,
            "t-26": 1.5,
            "t-27": 0.75,
            "t-28": 2.25,
            "t-30": 2.0,
            "t-31": 2.75,
            "t-32": 5.75,
            "t-33": 0.75,
            "t-34": -1.0833333333333333,
            "t-35": 0.6666666666666666,
            "t-36": 2.875,
            "t-37": -1.5,
            "t-38": 2.0,
            "t-39": -2.0,
            "t-40": 3.6666666666666665,
            "t-41": -1.0,
            "t-42": 2.75,
            "t-44": 5.0,
            "t-45": -1.3333333333333333,
            "t-47": 0.0
        },
        "s-4": {
            "t-0": -1.0,
            "t-2": 1.0,
            "t-3": -1.0,
            "t-4": -1.0,
            "t-5": 1.0,