{
    "task_id": "MbppEval/82",
    "iter_num": 0,
    "already_test_oracle_gt": {
        "t-1": 523.5987755982989,
        "t-3": -4.1887902047863905,
        "t-7": 0.5235987755982988,
        "t-11": 1.4367550402417315,
        "t-12": 33.510321638291124,
        "t-13": 523.5987755982989,
        "t-14": -113.09733552923254,
        "t-15": 5.575279762570688,
        "t-19": 